Major,Total,Men,Women,Employed,Full_time,Part_time,Full_time_year_round,Unemployed,College_jobs,Non_college_jobs,Low_wage_jobs,ShareWomenPct,Pay_median,Pay_25th,Pay_75th,Major_group,Major_subgroup,SharePartTimePct,ShareCollegePct,ShareUnemployedPct
PETROLEUM ENGINEERING,2339,2057,282,1976,1849,270,1207,37,1534,364,193,12.0564344,110000,95000,125000,"Tech, Engineering, Math",Engineering,12.741859367626237,80.82191780821918,1.8380527
MINING AND MINERAL ENGINEERING,756,679,77,640,556,170,388,85,350,257,50,10.185185200000001,75000,55000,90000,"Tech, Engineering, Math",Engineering,23.415977961432507,57.66062602965404,11.7241379
METALLURGICAL ENGINEERING,856,725,131,648,558,133,340,16,456,176,0,15.3037383,73000,50000,105000,"Tech, Engineering, Math",Engineering,19.247467438494937,72.15189873417721,2.4096386
NAVAL ARCHITECTURE AND MARINE ENGINEERING,1258,1123,135,758,1069,150,692,40,529,102,0,10.731319599999999,70000,43000,80000,"Tech, Engineering, Math",Engineering,12.305168170631665,83.8351822503962,5.0125313
CHEMICAL ENGINEERING,32260,21239,11021,25694,23170,5180,16697,1672,18314,4440,972,34.1630502,65000,50000,75000,"Tech, Engineering, Math",Engineering,18.271604938271604,80.48694734991649,6.1097712
NUCLEAR ENGINEERING,2573,2200,373,1857,2038,264,1449,400,1142,657,244,14.4966965,65000,50000,102000,"Tech, Engineering, Math",Engineering,11.468288444830582,63.479710950528066,17.7226407
ACTUARIAL SCIENCE,3777,2110,1667,2912,2924,296,2482,308,1768,314,259,44.1355573,62000,53000,72000,Social Sciences,Business,9.192546583850932,84.91834774255523,9.5652174
ASTRONOMY AND ASTROPHYSICS,1792,832,960,1526,1085,553,827,33,972,500,220,53.571428600000004,62000,31500,109000,Natural Sciences,Physical Sciences,33.76068376068376,66.03260869565217,2.1167415
MECHANICAL ENGINEERING,91227,80320,10907,76442,71298,13101,54639,4650,52844,16384,3253,11.9558903,60000,48000,70000,"Tech, Engineering, Math",Engineering,15.522695766537517,76.33327555324435,5.734227799999999
ELECTRICAL ENGINEERING,81527,65511,16016,61928,55450,12695,41413,3895,45829,10874,3170,19.6450256,60000,45000,72000,"Tech, Engineering, Math",Engineering,18.629393205664392,80.8228841507504,5.917384500000001
COMPUTER ENGINEERING,41542,33258,8284,32506,30315,5146,23621,2275,23694,5721,980,19.9412643,60000,45000,75000,"Tech, Engineering, Math",Engineering,14.511717097656582,80.55073941866395,6.5409275000000004
AEROSPACE ENGINEERING,15058,12953,2105,11391,11106,2724,8790,794,8184,2425,372,13.979280099999999,60000,42000,70000,"Tech, Engineering, Math",Engineering,19.69631236442516,77.14204920350646,6.516208499999999
BIOMEDICAL ENGINEERING,14955,8407,6548,10047,9017,2694,5986,1019,6439,2471,789,43.7846874,60000,36000,70000,"Tech, Engineering, Math",Engineering,23.004013320809495,72.26711560044893,9.208386
MATERIALS SCIENCE,4279,2949,1330,3307,2751,878,1967,78,2626,391,81,31.082028499999996,60000,39000,65000,"Tech, Engineering, Math",Engineering,24.19399283549187,87.04010606562811,2.3042836
ENGINEERING MECHANICS PHYSICS AND SCIENCE,4321,3526,795,3608,2999,811,2004,23,2439,947,263,18.3985189,58000,25000,74000,"Tech, Engineering, Math",Engineering,21.286089238845143,72.03189604252806,0.6334343
BIOLOGICAL ENGINEERING,8925,6062,2863,6170,5455,1983,3413,589,3603,1595,524,32.0784314,57100,40000,76000,"Tech, Engineering, Math",Engineering,26.66039257865018,69.31512120046172,8.7143069
INDUSTRIAL AND MANUFACTURING ENGINEERING,18968,12453,6515,15604,14879,2243,11326,699,8306,3235,640,34.3473218,57000,37900,67000,"Tech, Engineering, Math",Engineering,13.100105127905618,71.96950004332379,4.2875544
GENERAL ENGINEERING,61152,45683,15469,44931,41235,7199,33540,2859,26898,11734,3192,25.2959838,56000,36000,69000,"Tech, Engineering, Math",Engineering,14.863525622496592,69.62621660799337,5.9824231
ARCHITECTURAL ENGINEERING,2825,1835,990,2575,2277,343,1848,170,1665,649,137,35.0442478,54000,38000,65000,"Tech, Engineering, Math",Engineering,13.091603053435113,71.95332757130511,6.193078300000001
COURT REPORTING,1148,877,271,930,808,223,808,11,402,528,144,23.606271800000002,54000,50000,54000,Social Sciences,Law & Public Policy,21.62948593598448,43.225806451612904,1.1689692
COMPUTER SCIENCE,128319,99743,28576,102087,91485,18726,70932,6884,68622,25667,5144,22.2695002,53000,39000,70000,"Tech, Engineering, Math",Computers & Mathematics,16.991044451098347,72.77837287488467,6.3172771
FOOD SCIENCE,NA,NA,NA,3149,2558,1121,1735,338,1183,1274,485,NA,53000,32000,70000,Natural Sciences,Agriculture & Natural Resources,30.470236477303615,48.148148148148145,9.693146
ELECTRICAL ENGINEERING TECHNOLOGY,11565,8181,3384,8587,7530,1873,5681,824,5126,2686,696,29.2607004,52000,35000,60000,"Tech, Engineering, Math",Engineering,19.91917473146868,65.61699948796723,8.755711400000001
MATERIALS ENGINEERING AND MATERIALS SCIENCE,2993,2020,973,2449,1658,1040,1151,70,1911,305,70,32.5091881,52000,35000,62000,"Tech, Engineering, Math",Engineering,38.5470719051149,86.23646209386283,2.7788805
MANAGEMENT INFORMATION SYSTEMS AND STATISTICS,18713,13496,5217,16413,15141,2420,13017,1015,6342,5741,708,27.8790146,51000,38000,60000,Social Sciences,Business,13.780536415921645,52.486965157659526,5.8239614
CIVIL ENGINEERING,53153,41081,12072,43041,38302,10080,29196,3270,28526,9356,2899,22.711794299999998,50000,40000,60000,"Tech, Engineering, Math",Engineering,20.834194535157703,75.30225436882952,7.0609573999999995
CONSTRUCTION SERVICES,18498,16820,1678,16318,15690,1751,12313,1042,3275,5351,703,9.071250899999999,50000,36000,60000,Social Sciences,Industrial Arts & Consumer Services,10.039561951722952,37.96661256665894,6.0023041
OPERATIONS LOGISTICS AND E-COMMERCE,11732,7921,3811,10027,9639,1183,7724,504,1466,3629,285,32.483805,50000,40000,60000,Social Sciences,Business,10.93143596377749,28.773307163886162,4.7858703
MISCELLANEOUS ENGINEERING,9133,7398,1735,7428,6811,1662,5476,597,3445,2426,365,18.9970437,50000,39000,65000,"Tech, Engineering, Math",Engineering,19.615248436209136,58.678249020609776,7.439252300000001
PUBLIC POLICY,5978,2639,3339,4547,4163,1306,2776,670,1550,1871,340,55.8548009,50000,35000,70000,Social Sciences,Law & Public Policy,23.880051197659537,45.308389359836305,12.842629899999999
ENVIRONMENTAL ENGINEERING,4047,2662,1385,2983,2384,930,1951,308,2028,830,260,34.2228811,50000,42000,56000,"Tech, Engineering, Math",Engineering,28.062764031382017,70.95871238628412,9.3588575
ENGINEERING TECHNOLOGIES,3600,2695,905,2799,2257,689,1723,163,1017,1269,142,25.1388889,50000,43000,60000,"Tech, Engineering, Math",Engineering,23.38764426340801,44.48818897637795,5.5030385
MISCELLANEOUS FINE ARTS,3340,1970,1370,2914,2049,1067,1200,286,693,1714,755,41.0179641,50000,25000,66000,Social Sciences,Arts,34.24261874197689,28.791026173660157,8.9375
GEOLOGICAL AND GEOPHYSICAL ENGINEERING,720,488,232,604,524,126,396,49,501,50,49,32.2222222,50000,42800,57000,"Tech, Engineering, Math",Engineering,19.384615384615383,90.92558983666062,7.5038285
NURSING,209394,21773,187621,180903,151191,40818,122817,8497,151643,26146,6193,89.6018988,48000,39000,58000,Natural Sciences,Health,21.25837851350718,85.29380332866488,4.4862724
FINANCE,174506,115030,59476,145696,137921,21463,108595,9413,24243,48447,9910,34.082495699999996,47000,35000,64000,Social Sciences,Business,13.46621994679516,33.351217498968225,6.0686355999999995
ECONOMICS,139247,89749,49498,104117,96567,25325,70740,11452,25582,37057,10653,35.5469059,47000,35000,65000,Social Sciences,Social Science,20.776589111672628,40.840371014862946,9.9092317
BUSINESS ECONOMICS,13302,7575,5727,10914,10048,1937,8000,1165,1578,4612,1284,43.0536761,46000,33000,58000,Social Sciences,Business,16.16186900292032,25.492730210016155,9.6448381
INDUSTRIAL PRODUCTION TECHNOLOGIES,4631,3477,1154,4428,3988,597,3242,129,1394,2454,480,24.919024,46000,35000,65000,"Tech, Engineering, Math",Engineering,13.02071973827699,36.226611226611226,2.8308097
"NUCLEAR, INDUSTRIAL RADIOLOGY, AND BIOLOGICAL TECHNOLOGIES",2116,528,1588,1778,1392,579,1115,137,162,1475,124,75.047259,46000,38000,53000,Natural Sciences,Physical Sciences,29.37595129375951,9.896151496640195,7.154046999999999
ACCOUNTING,198633,94519,104114,165527,151967,27693,123169,12411,11417,39323,10886,52.4152583,45000,34000,56000,Social Sciences,Business,15.414115551597462,22.500985415845488,6.9749014
MATHEMATICS,72397,39956,32441,58118,46399,18079,33738,2884,34800,14829,4569,44.8098678,45000,33000,60000,"Tech, Engineering, Math",Computers & Mathematics,28.03902106144732,70.1202925708759,4.7277138
COMPUTER AND INFORMATION SYSTEMS,36698,27392,9306,28459,26348,4332,21130,2934,13344,11783,1672,25.3583302,45000,30000,60000,"Tech, Engineering, Math",Computers & Mathematics,14.119947848761408,53.10622040036614,9.3460326
PHYSICS,32142,23080,9062,25302,19428,8721,14389,1282,18674,4576,1823,28.1936407,45000,30000,68000,Natural Sciences,Physical Sciences,30.98156240008526,80.31827956989247,4.8224496
MEDICAL TECHNOLOGIES TECHNICIANS,15914,3916,11998,13150,11510,2665,9005,505,5546,7176,1002,75.392736,45000,36000,50000,Natural Sciences,Health,18.800705467372133,43.593774563747836,3.6982790000000003
INFORMATION SCIENCES,11913,9005,2908,9881,9105,1468,7378,639,4390,4102,608,24.4103081,45000,32500,58000,"Tech, Engineering, Math",Computers & Mathematics,13.884422585831835,51.69571361281206,6.0741445
STATISTICS AND DECISION SCIENCE,6251,2960,3291,4247,3190,1840,2151,401,2298,1200,343,52.6475764,45000,26700,60000,"Tech, Engineering, Math",Computers & Mathematics,36.58051689860835,65.69468267581475,8.6273666
APPLIED MATHEMATICS,4939,2794,2145,3854,3465,1176,2593,385,2437,803,357,43.4298441,45000,34000,63000,"Tech, Engineering, Math",Computers & Mathematics,25.339366515837103,75.21604938271605,9.0823307
PHARMACOLOGY,1762,515,1247,1144,657,532,565,107,603,478,93,70.7718502,45000,40000,45000,Natural Sciences,Biology & Life Science,44.743481917577796,55.78168362627197,8.5531575
OCEANOGRAPHY,2418,752,1666,1638,1931,379,1595,99,459,996,186,68.8999173,44700,23000,50000,Natural Sciences,Physical Sciences,16.406926406926406,31.546391752577318,5.6994819
ENGINEERING AND INDUSTRIAL MANAGEMENT,2906,2400,506,2125,1992,462,1358,74,482,844,245,17.412250500000003,44000,30000,50000,"Tech, Engineering, Math",Engineering,18.82640586797066,36.3499245852187,3.365166
MEDICAL ASSISTING SERVICES,11123,803,10320,9168,5643,4107,4290,407,2091,6948,1270,92.7807246,42000,30000,65000,Natural Sciences,Health,42.12307692307692,23.13308994357783,4.2506527
MATHEMATICS AND COMPUTER SCIENCE,609,500,109,559,584,0,391,0,452,67,25,17.8981938,42000,30000,78000,"Tech, Engineering, Math",Computers & Mathematics,0,87.09055876685935,0
COMPUTER PROGRAMMING AND DATA PROCESSING,4168,3046,1122,3257,3204,482,2453,419,2024,1033,263,26.9193858,41300,20000,46000,"Tech, Engineering, Math",Computers & Mathematics,13.076505697232774,66.20870134118417,11.398259
COGNITIVE SCIENCE AND BIOPSYCHOLOGY,3831,1667,2164,2741,2470,711,1584,223,1369,921,135,56.486557000000005,41000,20000,60000,Natural Sciences,Biology & Life Science,22.351461804464005,59.78165938864629,7.523616700000001
SCHOOL STUDENT COUNSELING,818,119,699,730,595,135,545,88,509,221,0,85.45232270000001,41000,41000,43000,Social Sciences,Education,18.493150684931507,69.72602739726027,10.7579462
INTERNATIONAL RELATIONS,28187,10345,17842,21190,18681,5563,13583,2271,6774,9570,2499,63.2986838,40100,31200,53000,Social Sciences,Social Science,22.945883517571357,41.44640234948605,9.679894299999999
GENERAL BUSINESS,234590,132238,102352,190183,171385,36241,138299,14946,29334,100831,27320,43.6301633,40000,30000,55000,Social Sciences,Business,17.45494302255016,22.536011984788537,7.2861468
ARCHITECTURE,46420,25463,20957,34158,29223,10206,20026,4366,16178,13724,4221,45.1464886,40000,31000,50000,"Tech, Engineering, Math",Engineering,25.88450125542114,54.10340445455154,11.3331949
INTERNATIONAL BUSINESS,25894,10624,15270,19660,17563,4890,12823,2092,3383,9482,3046,58.9711902,40000,30000,50000,Social Sciences,Business,21.778826882821896,26.296152351340847,9.6175064
PHARMACY PHARMACEUTICAL SCIENCES AND ADMINISTRATION,23551,8697,14854,16620,12537,5346,9131,977,11573,4493,1121,63.071631800000006,40000,20000,90000,Natural Sciences,Health,29.894313034725716,72.03410929914105,5.552082700000001
MOLECULAR BIOLOGY,18300,7426,10874,11581,9441,4590,6183,1067,7225,3145,1168,59.420764999999996,40000,29000,47000,Natural Sciences,Biology & Life Science,32.7132777421424,69.67213114754098,8.4361164
MISCELLANEOUS BUSINESS & MEDICAL ADMINISTRATION,17947,10285,7662,14826,13364,3366,10637,1150,2236,8937,1758,42.692372,40000,30000,51000,Social Sciences,Business,20.119545726240286,20.012530206748412,7.1982974
AGRICULTURE PRODUCTION AND MANAGEMENT,14240,9658,4582,12323,11119,2196,9093,649,1925,6221,1362,32.1769663,40000,25000,50000,Natural Sciences,Agriculture & Natural Resources,16.49267743146827,23.631230051559047,5.0030836
GENERAL AGRICULTURE,10399,6053,4346,8884,7589,2031,5888,178,2418,4717,839,41.79248,40000,30000,50000,Natural Sciences,Agriculture & Natural Resources,21.112266112266113,33.88927820602663,1.9642463
MISCELLANEOUS ENGINEERING TECHNOLOGIES,8804,7043,1761,7502,7001,1240,5825,416,2446,3896,386,20.002271699999998,40000,30400,56000,"Tech, Engineering, Math",Engineering,15.046717631355419,38.56827499211605,5.253852
MECHANICAL ENGINEERING RELATED TECHNOLOGIES,4790,4419,371,4186,4175,247,3607,250,1861,2121,406,7.745302699999999,40000,27000,52000,"Tech, Engineering, Math",Engineering,5.585707824513795,46.73530889000502,5.6357078
GENETICS,3635,1761,1874,2463,1787,847,1487,87,1675,678,201,51.5543329,40000,34000,45000,Natural Sciences,Biology & Life Science,32.15641609719058,71.18572035699108,3.4117647
MISCELLANEOUS SOCIAL SCIENCES,3283,1499,1784,2727,2183,907,1530,215,744,1654,573,54.340542199999994,40000,30000,54000,Social Sciences,Social Science,29.35275080906149,31.02585487906589,7.3079538
UNITED STATES HISTORY,3079,1756,1323,2787,2103,839,1274,138,801,1591,302,42.9684963,40000,30000,42000,Social Sciences,Humanities & Liberal Arts,28.518014955812372,33.4866220735786,4.7179487
INDUSTRIAL AND ORGANIZATIONAL PSYCHOLOGY,3014,1075,1939,2343,1644,1095,1409,286,559,1224,272,64.3331121,40000,32000,53000,Social Sciences,Psychology & Social Work,39.97809419496166,31.35165451486259,10.8786611
AGRICULTURAL ECONOMICS,2439,1749,690,2174,1819,620,1528,182,535,893,94,28.2902829,40000,27000,54000,Natural Sciences,Agriculture & Natural Resources,25.420254202542026,37.46498599439776,7.7249576
PHYSICAL SCIENCES,1436,894,542,1146,768,437,653,42,530,465,269,37.7437326,40000,30000,55000,Natural Sciences,Physical Sciences,36.2655601659751,53.266331658291456,3.5353535
MILITARY TECHNOLOGIES,124,124,0,0,111,0,111,0,0,0,0,0,40000,40000,40000,Social Sciences,Industrial Arts & Consumer Services,0,NA,0
CHEMISTRY,66530,32923,33607,48535,39509,15066,29910,2769,30382,14718,4288,50.5140538,39000,30000,49900,Natural Sciences,Physical Sciences,27.606046724690792,67.3658536585366,5.39724
"ELECTRICAL, MECHANICAL, AND PRECISION TECHNOLOGIES AND PRODUCTION",2435,1869,566,2107,2057,287,1752,64,221,1659,81,23.2443532,38400,22500,45000,Social Sciences,Industrial Arts & Consumer Services,12.244027303754267,11.75531914893617,2.9479503
BUSINESS MANAGEMENT AND ADMINISTRATION,329927,173809,156118,276234,251540,50357,199897,21502,36720,148395,32395,47.3189524,38000,29000,50000,Social Sciences,Business,16.68019225099951,19.83631796450855,7.221834100000001
MARKETING AND MARKETING RESEARCH,205211,78857,126354,178862,156668,35829,127230,11663,25320,93889,27968,61.57272270000001,38000,30000,50000,Social Sciences,Business,18.612757601417165,21.240007046447833,6.1215064
POLITICAL SCIENCE AND GOVERNMENT,182621,93880,88741,133454,117709,43711,83236,15022,36854,66947,19803,48.5929877,38000,28000,50000,Social Sciences,Social Science,27.07904844505018,35.504474908719565,10.1174601
GEOGRAPHY,18480,11404,7076,14057,11367,5651,8628,1799,5350,6830,1905,38.2900433,38000,30000,50000,Social Sciences,Social Science,33.20601715830298,43.92446633825944,11.3458628
MICROBIOLOGY,15232,6383,8849,9685,7453,3379,5080,693,5577,3174,1246,58.094800400000004,38000,29600,50000,Natural Sciences,Biology & Life Science,31.19460856720827,63.7298594446349,6.6775872
COMPUTER ADMINISTRATION MANAGEMENT AND SECURITY,8066,6607,1459,6509,6289,1030,4936,721,2354,3244,308,18.0882718,37500,25000,50000,"Tech, Engineering, Math",Computers & Mathematics,14.072960786992757,42.05073240443015,9.9723375
BIOCHEMICAL SCIENCES,39107,18951,20156,25678,20643,9948,13785,2249,15654,8394,3012,51.5406449,37400,29000,50000,Natural Sciences,Biology & Life Science,32.51936844169854,65.09481037924152,8.0531385
BOTANY,1329,626,703,1010,946,169,740,0,677,184,56,52.896915,37000,26000,40000,Natural Sciences,Biology & Life Science,15.156950672645738,78.62950058072009,0
COMPUTER NETWORKING AND TELECOMMUNICATIONS,7613,5291,2322,6144,5495,1447,4369,1100,2593,2941,352,30.5004597,36400,27000,49000,"Tech, Engineering, Math",Computers & Mathematics,20.844137136271968,46.85580050596314,15.1849807
GEOLOGY AND EARTH SCIENCE,10972,5813,5159,8296,6966,2913,5008,677,4858,2792,959,47.0196865,36200,28000,47000,Natural Sciences,Physical Sciences,29.486790160947464,63.50326797385621,7.5448568
HUMAN RESOURCES AND PERSONNEL MANAGEMENT,24497,6184,18313,20760,18550,3767,15446,1315,2406,9629,1906,74.7560926,36000,28000,45000,Social Sciences,Business,16.879508894564683,19.991690901537183,5.9569649
PRE-LAW AND LEGAL STUDIES,13528,4435,9093,9762,7851,3595,5370,757,2002,6454,1336,67.2161443,36000,29200,46000,Social Sciences,Law & Public Policy,31.408352262799234,23.67549668874172,7.1965016
MISCELLANEOUS HEALTH MEDICAL PROFESSIONS,13386,1589,11797,10076,7514,4145,5868,893,5652,3835,1422,88.12938890000001,36000,23000,42000,Natural Sciences,Health,35.55193412814135,59.5762622536102,8.141125
PUBLIC ADMINISTRATION,5629,2947,2682,4158,4148,847,2952,789,919,2313,496,47.6461183,36000,23000,60000,Social Sciences,Law & Public Policy,16.956956956956954,28.43440594059406,15.949060000000001
GEOSCIENCES,1978,809,1169,1441,1264,354,1011,36,784,591,221,59.1001011,36000,21000,41000,Natural Sciences,Physical Sciences,21.878862793572313,57.01818181818182,2.4373731
SOCIAL PSYCHOLOGY,1386,413,973,1080,828,433,529,33,434,593,37,70.2020202,36000,34000,45000,Social Sciences,Psychology & Social Work,34.337827121332275,42.25900681596884,2.9649596000000003
ENVIRONMENTAL SCIENCE,25965,10787,15178,20859,16987,7071,10916,1779,8149,10076,3175,58.455613299999996,35600,25000,40200,Natural Sciences,Biology & Life Science,29.39147061268601,44.713305898491086,7.8584681000000005
COMMUNICATIONS,213996,70619,143377,179633,147335,49889,116251,14602,40763,97964,27440,66.99985050000001,35000,27000,45000,Social Sciences,Communications & Journalism,25.295602969212673,29.383609535274314,7.517697600000001
CRIMINAL JUSTICE AND FIRE PROTECTION,152824,80231,72593,125393,109970,32242,88548,11268,24348,88858,18404,47.501047,35000,26000,45000,Social Sciences,Law & Public Policy,22.67178578460327,21.507693938483825,8.2452199
COMMERCIAL ART AND GRAPHIC DESIGN,103480,32041,71439,83483,67448,24387,52243,8947,37389,38119,14839,69.0365288,35000,25000,45000,Social Sciences,Arts,26.555234932215388,49.51660751178683,9.6797577
JOURNALISM,72619,23736,48883,61022,51411,15902,39524,4535,23279,26672,8512,67.31433919999999,35000,26000,42900,Social Sciences,Communications & Journalism,23.623965652994222,46.6036715981662,6.917644200000001
MULTI-DISCIPLINARY OR GENERAL SCIENCE,62052,27015,35037,46138,37850,13133,28966,2727,17923,22039,5751,56.463933499999996,35000,24000,50000,Natural Sciences,Physical Sciences,25.759566914461686,44.85010760222211,5.5806815
ADVERTISING AND PUBLIC RELATIONS,53162,12862,40300,45326,38815,10948,30932,3305,9659,23059,7214,75.8060269,35000,27000,47000,Social Sciences,Communications & Journalism,22.00028133352089,29.521975670884526,6.796076600000001
AREA ETHNIC AND CIVILIZATION STUDIES,31195,8739,22456,24629,18755,9541,13109,1668,8465,11818,3677,71.9858952,35000,24500,44000,Social Sciences,Humanities & Liberal Arts,33.718546791065876,41.73445742740226,6.3429289
SPECIAL NEEDS EDUCATION,28739,2682,26057,24639,21584,5153,16642,1067,20185,3797,1179,90.6677337,35000,32000,42000,Social Sciences,Education,19.27291767962,84.16729213576849,4.1507819
PHYSIOLOGY,22060,8422,13638,14643,10732,6541,7588,1088,6587,6894,2237,61.822302799999996,35000,20000,50000,Natural Sciences,Biology & Life Science,37.86834944711399,48.861360433202286,6.9162799999999995
CRIMINOLOGY,19879,10031,9848,16181,13616,4543,10548,1743,3373,10605,1895,49.5397153,35000,25000,45000,Social Sciences,Social Science,25.017897461313947,24.13077693518386,9.7243919
NUTRITION SCIENCES,18909,2563,16346,13217,9601,6648,6625,975,6535,5473,2449,86.4456079,35000,26000,45000,Natural Sciences,Health,40.91328697150594,54.42205196535643,6.8700676000000005
HEALTH AND MEDICAL ADMINISTRATIVE SERVICES,18109,4266,13843,15419,13534,3299,10982,1518,2589,8592,1391,76.4426528,35000,27000,42000,Natural Sciences,Health,19.598407889265136,23.155352830694927,8.962626199999999
COMMUNICATION TECHNOLOGIES,18035,11431,6604,14779,11981,4690,9085,2006,4545,8794,2495,36.6176878,35000,25000,45000,"Tech, Engineering, Math",Computers & Mathematics,28.13268550176954,34.07301896693905,11.9511469
TRANSPORTATION SCIENCES AND TECHNOLOGIES,15150,13257,1893,12266,11688,2633,9170,962,4575,6147,557,12.4950495,35000,22000,52000,Social Sciences,Industrial Arts & Consumer Services,18.385587598631382,42.66927811975378,7.2724524
NATURAL RESOURCES MANAGEMENT,13773,8617,5156,11797,10722,2613,6954,842,4333,5808,1405,37.4355623,35000,25000,42000,Natural Sciences,Agriculture & Natural Resources,19.595050618672666,42.72754166255793,6.661919500000001
NEUROSCIENCE,13663,4944,8719,9087,8027,3078,5482,463,5605,2301,902,63.814682,35000,30000,44000,Natural Sciences,Biology & Life Science,27.71724448446646,70.8955223880597,4.848167500000001
ATMOSPHERIC SCIENCES AND METEOROLOGY,4043,2744,1299,3431,2659,1309,2161,78,1808,1317,237,32.129606700000004,35000,28000,50000,Natural Sciences,Physical Sciences,32.988911290322584,57.855999999999995,2.2228555
FORESTRY,3607,3156,451,3007,2473,891,1763,322,1096,1692,327,12.503465499999999,35000,28600,48000,Natural Sciences,Agriculture & Natural Resources,26.486325802615934,39.31133428981349,9.6725743
SOIL SCIENCE,685,476,209,613,488,185,383,0,355,144,0,30.510948900000002,35000,18500,44000,Natural Sciences,Agriculture & Natural Resources,27.4888558692422,71.14228456913828,0
GENERAL EDUCATION,143718,26893,116825,118241,98408,29558,73531,7195,82007,31112,11443,81.2876606,34000,26000,41000,Social Sciences,Education,23.09832299204476,72.49622079403106,5.735992899999999
HISTORY,141951,78253,63698,105646,84681,40657,59218,11176,35336,54569,16839,44.8732309,34000,25000,47000,Social Sciences,Humanities & Liberal Arts,32.437887950980546,39.30370947110839,9.566691200000001
FRENCH GERMAN LATIN AND OTHER COMMON FOREIGN LANGUAGE STUDIES,48246,12835,35411,38315,29340,14569,20056,3132,15051,18193,5267,73.3967583,34000,25000,45000,Social Sciences,Humanities & Liberal Arts,33.17998587988795,45.27433521838527,7.5566386
INTERCULTURAL AND INTERNATIONAL STUDIES,24650,8575,16075,18824,14354,7978,8801,1718,4956,10343,3168,65.2129817,34000,24000,45000,Social Sciences,Humanities & Liberal Arts,35.72452086691742,32.394274135564416,8.3633531
SOCIAL SCIENCE OR HISTORY TEACHER EDUCATION,20198,9950,10248,17700,14002,5168,8871,1012,10928,5561,1806,50.737696799999995,34000,23050,42000,Social Sciences,Education,26.958789775691184,66.27448602098369,5.4082941
COMMUNITY AND PUBLIC HEALTH,19735,4103,15632,14512,10099,6377,7460,1833,5225,7385,1854,79.2095262,34000,21000,45000,Natural Sciences,Health,38.70478271425103,41.435368754956386,11.2144387
MATHEMATICS TEACHER EDUCATION,14237,3872,10365,13115,11259,2273,8073,216,10699,1977,786,72.80325909999999,34000,30000,40000,Social Sciences,Education,16.797221401123263,84.40359734932156,1.6202834999999998
EDUCATIONAL ADMINISTRATION AND SUPERVISION,804,280,524,703,733,0,504,0,346,206,111,65.1741294,34000,29000,35000,Social Sciences,Education,0,62.68115942028986,0
HEALTH AND MEDICAL PREPARATORY PROGRAMS,12740,5521,7219,7052,5029,3891,3236,529,3051,3539,1159,56.664050200000005,33500,23000,40000,Natural Sciences,Health,43.62107623318386,46.29742033383915,6.977971199999999
MISCELLANEOUS BIOLOGY,10706,4747,5959,7767,6076,2568,4542,483,4253,2722,459,55.6603774,33500,23000,48000,Natural Sciences,Biology & Life Science,29.70846830171217,60.97491039426524,5.8545455
BIOLOGY,280709,111762,168947,182295,144512,72371,100336,13874,88232,81109,28339,60.1858152,33400,24000,45000,Natural Sciences,Biology & Life Science,33.36868265378107,52.10315281001057,7.0724732
SOCIOLOGY,115433,32510,82923,92721,73475,29639,56561,8608,29051,48899,13748,71.8364766,33000,25000,44000,Social Sciences,Social Science,28.743914502395405,37.268762026940344,8.4951001
MASS MEDIA,52824,24704,28120,44679,35769,13078,27521,4410,12855,25297,6429,53.2333788,33000,25000,45000,Social Sciences,Communications & Journalism,26.77339447663111,33.69417068567834,8.9836827
TREATMENT THERAPY PROFESSIONS,48491,13487,35004,37861,30020,12346,21735,2409,22215,14616,4468,72.1865913,33000,24000,41000,Natural Sciences,Health,29.141292545909455,60.3160381200619,5.9821207
HOSPITALITY MANAGEMENT,43647,15204,28443,36728,32160,7494,23106,2393,2325,23341,9063,65.16599079999999,33000,25000,42000,Social Sciences,Business,18.898471780904828,9.058676848749318,6.116919299999999
LANGUAGE AND DRAMA EDUCATION,30471,3741,26730,26033,21419,7239,15266,1379,17985,6824,2819,87.72275280000001,33000,24000,40000,Social Sciences,Education,25.259962314188012,72.49385303720423,5.0306435
LINGUISTICS AND COMPARATIVE LANGUAGE AND LITERATURE,16601,4416,12185,11165,8462,4831,5821,1302,4122,5695,2085,73.39919280000001,33000,25000,40000,Social Sciences,Humanities & Liberal Arts,36.34243586850222,41.98838749108689,10.443571
MISCELLANEOUS EDUCATION,10150,3654,6496,8691,7264,2202,5816,547,5284,2438,657,64,33000,30000,45000,Social Sciences,Education,23.262201563490386,68.42786842786843,5.9211951
INTERDISCIPLINARY SOCIAL SCIENCES,9916,2337,7579,7444,5843,2834,4714,757,2630,3906,1470,76.432029,33000,24000,40000,Social Sciences,Social Science,32.66105796934424,40.23867809057528,9.2305816
ECOLOGY,9154,3878,5276,7585,5603,2741,3912,437,2856,4159,976,57.6360061,33000,23000,42000,Natural Sciences,Biology & Life Science,32.849952061361456,40.712758374910905,5.4475193
SECONDARY TEACHER EDUCATION,17125,6820,10305,15116,12520,3782,9193,833,10304,3967,1385,60.175182500000005,32500,25000,38000,Social Sciences,Education,23.199607410133726,72.20236843949269,5.222898
GENERAL MEDICAL AND HEALTH SERVICES,33599,7574,26025,24406,18166,11088,12809,2183,9364,12889,3816,77.4576624,32400,25000,45000,Natural Sciences,Health,37.902509058590276,42.079719588370104,8.2101621
PHILOSOPHY AND RELIGIOUS STUDIES,54814,31967,22847,40157,31086,16659,21816,4267,14444,20313,8051,41.680957400000004,32200,23000,47100,Social Sciences,Humanities & Liberal Arts,34.891611687087654,41.557096412233506,9.6051684
ART AND MUSIC EDUCATION,34181,10732,23449,30007,23018,9209,16537,1206,20821,8260,2767,68.60244,32100,25000,40000,Social Sciences,Education,28.57541812765693,71.59657508338778,3.8637747
ENGLISH LANGUAGE AND LITERATURE,194673,58227,136446,149180,114386,57825,81180,14345,57690,71827,26503,70.089843,32000,23000,41000,Social Sciences,Humanities & Liberal Arts,33.577994437056866,44.542415281391634,8.772359
ELEMENTARY EDUCATION,170862,13029,157833,149339,123177,37965,86540,7297,108085,36972,11502,92.37454790000001,32000,23400,38000,Social Sciences,Education,23.55996574449864,74.51208835147563,4.6585715
PHYSICAL FITNESS PARKS RECREATION AND LEISURE,125074,62181,62893,103078,77428,38515,57978,5593,27581,63946,16838,50.284631499999996,32000,24000,43000,Social Sciences,Industrial Arts & Consumer Services,33.21890929163469,30.134277317075835,5.1467273
LIBERAL ARTS,71369,22339,49030,54844,43401,19187,33438,4657,18565,28558,9030,68.6992952,32000,25000,42000,Social Sciences,Humanities & Liberal Arts,30.65603630088835,39.39689748106021,7.8267592
FILM VIDEO AND PHOTOGRAPHIC ARTS,38761,22357,16404,31433,22457,12818,15740,3718,7368,20721,5862,42.3208896,32000,22000,42000,Social Sciences,Arts,36.337349397590366,26.23090889672114,10.577224000000001
GENERAL SOCIAL SCIENCES,12920,5079,7841,9602,7700,3396,5679,1108,3602,4778,1634,60.6888545,32000,27000,50000,Social Sciences,Social Science,30.6056236481615,42.98329355608592,10.3454715
PLANT SCIENCE AND AGRONOMY,7416,4897,2519,6594,5798,1246,4522,314,2089,3545,1231,33.9670982,32000,22900,40000,Natural Sciences,Agriculture & Natural Resources,17.688813174332765,37.078452254171104,4.5454545
SCIENCE AND COMPUTER TEACHER EDUCATION,6483,2049,4434,5362,4764,1227,3247,266,4214,1106,591,68.3942619,32000,28000,39000,Social Sciences,Education,20.480721081622434,79.21052631578948,4.7263682000000005
PSYCHOLOGY,393735,86648,307087,307933,233205,115172,174438,28169,125148,141860,48207,77.9933204,31500,24000,41000,Social Sciences,Psychology & Social Work,33.05958774545966,46.870505752636625,8.3810866999999991
MUSIC,60633,29909,30724,47662,29010,24943,21425,3918,13752,28786,9286,50.6720763,31000,22300,42000,Social Sciences,Arts,46.23097881489445,32.32874136066576,7.5959674
PHYSICAL AND HEALTH EDUCATION TEACHING,28213,15670,12543,23794,19420,7230,13651,1920,12777,9328,2042,44.458228500000004,31000,24000,40000,Social Sciences,Education,27.12945590994372,57.80140239764759,7.4667496
ART HISTORY AND CRITICISM,21030,3240,17790,17579,13262,6140,9965,1128,5139,9738,3426,84.5934379,31000,23000,40000,Social Sciences,Humanities & Liberal Arts,31.646222038965057,34.54325468844525,6.0298284
FINE ARTS,74440,24786,49654,59679,42764,23656,31877,5486,20792,32725,11880,66.7033853,30500,21000,41000,Social Sciences,Arts,35.61577838000603,38.85120615879066,8.4186296
FAMILY AND CONSUMER SCIENCES,58001,5166,52835,46624,36747,15872,26906,3355,20985,20133,5248,91.09325700000001,30000,22900,40000,Social Sciences,Industrial Arts & Consumer Services,30.16400919819837,51.03604260907632,6.7128194
SOCIAL WORK,53552,5137,48415,45038,34941,13481,27588,3329,27449,14416,4344,90.40745439999999,30000,25000,35000,Social Sciences,Psychology & Social Work,27.84065094378588,65.56550818105816,6.882792
ANIMAL SCIENCES,21573,5347,16226,17112,14479,5353,10824,917,5443,9571,2125,75.2143884,30000,22000,40000,Natural Sciences,Agriculture & Natural Resources,26.991730536506658,36.25283069135474,5.086249899999999
VISUAL AND PERFORMING ARTS,16250,4133,12117,12870,8447,6253,6322,1465,3849,7635,2840,74.5661538,30000,22000,40000,Social Sciences,Arts,42.53741496598639,33.516196447230925,10.219741899999999
TEACHER EDUCATION: MULTIPLE LEVELS,14443,2734,11709,13076,11734,2214,8457,496,10766,1949,722,81.0704147,30000,24000,37000,Social Sciences,Education,15.873243475767135,84.6716476602438,3.654583
MISCELLANEOUS PSYCHOLOGY,9628,1936,7692,7653,5201,3221,3838,419,2960,3948,1650,79.8919817,30000,20800,40000,Social Sciences,Psychology & Social Work,38.245072429351694,42.848870874348584,5.190783000000001
HUMAN SERVICES AND COMMUNITY ORGANIZATION,9374,885,8489,8294,6455,2405,5061,326,2878,4595,724,90.558993,30000,24000,35000,Social Sciences,Psychology & Social Work,27.14446952595937,38.511976448548104,3.7819026
HUMANITIES,6652,2013,4639,5052,3565,2225,2661,372,1168,3354,1141,69.7384245,30000,20000,49000,Social Sciences,Humanities & Liberal Arts,38.42832469775475,25.829279080053073,6.8584071
THEOLOGY AND RELIGIOUS VOCATIONS,30207,18616,11591,24202,18079,8767,13944,1617,9927,12037,3304,38.3719006,29000,22000,38000,Social Sciences,Humanities & Liberal Arts,32.65663413543917,45.19668548533965,6.2628297
STUDIO ARTS,16977,4754,12223,13908,10451,5673,7413,1368,3948,8707,3586,71.9974083,29000,19200,38300,Social Sciences,Arts,35.18357727611014,31.197155274595023,8.9552239
COSMETOLOGY SERVICES AND CULINARY ARTS,10510,4364,6146,8650,7662,2064,5949,510,563,7384,3163,58.4776403,29000,20000,36000,Social Sciences,Industrial Arts & Consumer Services,21.221468229487968,7.084434377752611,5.5676856
MISCELLANEOUS AGRICULTURE,1488,404,1084,1290,1098,335,936,82,483,626,31,72.8494624,29000,23000,42100,Natural Sciences,Agriculture & Natural Resources,23.377529658060013,43.55275022542832,5.9766764
ANTHROPOLOGY AND ARCHEOLOGY,38844,11376,27468,29633,20147,14515,13232,3395,9805,16693,6866,70.7136237,28000,20000,38000,Social Sciences,Humanities & Liberal Arts,41.87582943857827,37.00279266359725,10.279157099999999
COMMUNICATION DISORDERS SCIENCES AND SERVICES,38279,1225,37054,29763,19975,13862,14460,1487,19957,9404,5125,96.7998119,28000,20000,40000,Natural Sciences,Health,40.96698879924343,67.97111814992678,4.7584
EARLY CHILDHOOD EDUCATION,37589,1167,36422,32551,27569,7001,20748,1360,23515,7705,2868,96.8953683,28000,21000,35000,Social Sciences,Education,20.251663291871566,75.32030749519538,4.0104980999999995
OTHER FOREIGN LANGUAGES,11204,3472,7732,7052,5197,3685,3214,846,2326,3703,1115,69.0110675,27500,22900,38000,Social Sciences,Humanities & Liberal Arts,41.48840351272236,38.58019572068336,10.7115726
DRAMA AND THEATER ARTS,43249,14440,28809,36165,25147,15994,16891,3040,6994,25313,11068,66.6119448,27000,19200,35000,Social Sciences,Arts,38.87606037772539,21.648559135791004,7.754113
COMPOSITION AND RHETORIC,18953,7022,11931,15053,10121,6612,7832,1340,4855,8100,3466,62.9504564,27000,20000,35000,Social Sciences,Humanities & Liberal Arts,39.51473136915078,37.47587803936704,8.1742207
ZOOLOGY,8409,3050,5359,6259,5043,2190,3602,304,2771,2947,743,63.7293376,26000,20000,39000,Natural Sciences,Biology & Life Science,30.27789299046039,48.46100034977265,4.632028
EDUCATIONAL PSYCHOLOGY,2854,522,2332,2125,1848,572,1211,148,1488,615,82,81.7098809,25000,24000,34000,Social Sciences,Psychology & Social Work,23.636363636363637,70.75606276747504,6.511218700000001
CLINICAL PSYCHOLOGY,2838,568,2270,2101,1724,648,1293,368,986,870,622,79.9859056,25000,25000,40000,Social Sciences,Psychology & Social Work,27.318718381112983,53.125,14.904819799999999
COUNSELING PSYCHOLOGY,4626,931,3695,3777,3154,965,2738,214,2403,1245,308,79.8746217,23400,19200,26000,Social Sciences,Psychology & Social Work,23.428016508861376,65.87171052631578,5.3620646
LIBRARY SCIENCE,1098,134,964,742,593,237,410,87,288,338,192,87.7959927,22000,20000,22000,Social Sciences,Education,28.55421686746988,46.00638977635783,10.4945718
